PRAGMA foreign_keys=OFF;
BEGIN TRANSACTION;
CREATE TABLE alembic_version (
	version_num VARCHAR(32) NOT NULL, 
	CONSTRAINT alembic_version_pkc PRIMARY KEY (version_num)
);
INSERT INTO alembic_version VALUES('63e7492a6a15');
CREATE TABLE picture (
	id INTEGER NOT NULL, 
	file VARCHAR(128), 
	PRIMARY KEY (id), 
	UNIQUE (file)
);
INSERT INTO picture VALUES(1,'Hardware_Vosim_99S_picture.jpg');
INSERT INTO picture VALUES(2,'Hardware_Apple_IIc_picture.jpg');
INSERT INTO picture VALUES(3,'Hardware_Lexitron_videotype_94_picture.jpg');
INSERT INTO picture VALUES(4,'Hardware_Digital_PDP-8f_picture.jpg');
INSERT INTO picture VALUES(5,'Hardware_Tektronix_4002A_picture.jpg');
INSERT INTO picture VALUES(6,'Hardware_Digital_LA50_picture.jpg');
INSERT INTO picture VALUES(7,'Hardware_IBM_029_picture.jpg');
INSERT INTO picture VALUES(8,'Hardware_Asi286_picture.jpg');
INSERT INTO picture VALUES(9,'Hardware_Tektronix_4951_Joystick_picture.jpg');
INSERT INTO picture VALUES(10,'Hardware_IBM_PC_XT_picture.jpg');
INSERT INTO picture VALUES(11,'Hardware_Holborn_9120_picture.jpg');
INSERT INTO picture VALUES(12,'Hardware_Digital_QBus_Unibus_kaarten_picture.jpg');
INSERT INTO picture VALUES(13,'Hardware_Apple_iMac_picture.jpg');
INSERT INTO picture VALUES(14,'Hardware_Digital_DECwriter_III_%28LA120%29_%282%29_picture.jpg');
INSERT INTO picture VALUES(15,'Hardware_SGI_O2_picture.jpg');
INSERT INTO picture VALUES(16,'Hardware_Olivetti_AT%26T_PC_7300_picture.jpg');
INSERT INTO picture VALUES(17,'Hardware_Toshiba_Satellite_100CS_picture.jpg');
INSERT INTO picture VALUES(18,'Hardware_TRS-80_MC-10_picture.jpg');
INSERT INTO picture VALUES(19,'Hardware_Digital_VT55_picture.jpg');
CREATE TABLE item (
	id INTEGER NOT NULL, 
	name VARCHAR(50), 
	label VARCHAR(20), 
	manufacturer VARCHAR(50), 
	model VARCHAR(50), 
	serial VARCHAR(50), 
	wikilink VARCHAR(250), 
	thumbnail INTEGER, description TEXT, category VARCHAR(50), last_change DATETIME, last_user INTEGER, 
	PRIMARY KEY (id), 
	FOREIGN KEY(thumbnail) REFERENCES picture (id)
);
INSERT INTO item VALUES(1,'Vosim',NULL,'Jo Scherpenisse','99S',NULL,NULL,1,NULL,'Sound synthesizer',NULL,NULL);
INSERT INTO item VALUES(2,'LT33-DD',NULL,'Teletype Corporation','33-ASR','WVV1003',NULL,NULL,NULL,'Terminal|Hardcopy',NULL,NULL);
INSERT INTO item VALUES(3,'ASR33',NULL,'Teletype Corporation','ASR33',NULL,NULL,NULL,NULL,'Terminal|Hardcopy',NULL,NULL);
INSERT INTO item VALUES(4,'HP85',NULL,'HP','HP85',NULL,NULL,NULL,NULL,'Calculator|Programmable',NULL,NULL);
INSERT INTO item VALUES(5,'SYM-1',NULL,'Synertec','SYM-1','91061738',NULL,NULL,NULL,'Computer',NULL,NULL);
INSERT INTO item VALUES(6,'ITT 2020',NULL,'ITT','2020','10949',NULL,NULL,NULL,'Computer|Desktop',NULL,NULL);
INSERT INTO item VALUES(7,'Apple //e',NULL,'Apple','A2S2064P','313107',NULL,NULL,NULL,'Computer|Homecomputer',NULL,NULL);
INSERT INTO item VALUES(8,'Apple IIc',NULL,'Apple','A2S4000B','C50EDNXX',NULL,2,NULL,'Computer|Homecomputer',NULL,NULL);
INSERT INTO item VALUES(9,'Apple II Plus',NULL,'Apple','II plus','A2S2 21207',NULL,NULL,NULL,'Computer|Homecomputer',NULL,NULL);
INSERT INTO item VALUES(10,'Apple III',NULL,'Apple','III',NULL,NULL,NULL,NULL,'Computer|Homecomputer',NULL,NULL);
INSERT INTO item VALUES(11,'Videotype 94',NULL,'Lexitron','Videotype 94','2118',NULL,3,NULL,'Terminal',NULL,NULL);
INSERT INTO item VALUES(12,'Datalux Microtype','42000007','Datalux','Microtype','920695',NULL,NULL,NULL,'Keyboard',NULL,NULL);
INSERT INTO item VALUES(13,'Compaq 486',NULL,'Compaq','Portable 486',NULL,NULL,NULL,NULL,'Computer|Portable',NULL,NULL);
INSERT INTO item VALUES(14,'HP 9122','42001056','HP','9122','2339A22370',NULL,NULL,NULL,'Storage',NULL,NULL);
INSERT INTO item VALUES(15,'HP 9122',NULL,'HP','9122','2339A22933',NULL,NULL,NULL,'Storage',NULL,NULL);
INSERT INTO item VALUES(16,'HP 9122',NULL,'HP','9122','2339A21542',NULL,NULL,NULL,'Storage',NULL,NULL);
INSERT INTO item VALUES(17,'HP 110','42000006','HP','110','2443A24932',NULL,NULL,NULL,'Computer|Portable',NULL,NULL);
INSERT INTO item VALUES(18,'HP 9816',NULL,'HP','9816','2327G03430',NULL,NULL,NULL,'Computer|Desktop',NULL,NULL);
INSERT INTO item VALUES(19,'Olivetti M19',NULL,'Olivetti','M19','2133565',NULL,NULL,NULL,'Computer|Desktop',NULL,NULL);
INSERT INTO item VALUES(20,'Olivetti M21',NULL,'Olivetti','M21',NULL,NULL,NULL,NULL,'Computer|Portable',NULL,NULL);
INSERT INTO item VALUES(21,'Olivetti M21',NULL,'Olivetti','M21',NULL,NULL,NULL,NULL,'Computer|Portable',NULL,NULL);
INSERT INTO item VALUES(22,'Digital VAXmate',NULL,'Digital','PC500-B3','AI72101480',NULL,NULL,NULL,'Computer|Desktop',NULL,NULL);
INSERT INTO item VALUES(23,'Olivetti PCS 286',NULL,'Olivetti','PCS 286',NULL,NULL,NULL,NULL,'Computer|Desktop',NULL,NULL);
INSERT INTO item VALUES(24,'Compaq Portable II',NULL,'Compaq','Portable II',NULL,NULL,NULL,NULL,'Computer|Portable',NULL,NULL);
INSERT INTO item VALUES(25,'Compaq Portable II',NULL,'Compaq','Portable II',NULL,NULL,NULL,NULL,'Computer|Portable',NULL,NULL);
INSERT INTO item VALUES(26,'Compaq Portable III','42001033','Compaq','Portable III / 2660','4032HL4H0095',NULL,NULL,NULL,'Computer|Portable',NULL,NULL);
INSERT INTO item VALUES(27,'IBM PS/2 30',NULL,'IBM','PS/2 30',NULL,NULL,NULL,NULL,'Computer|Desktop',NULL,NULL);
INSERT INTO item VALUES(28,'',NULL,'IBM','PS/2 30','','',NULL,'','Computer',NULL,NULL);
INSERT INTO item VALUES(29,'Laser XT/3',NULL,'VTech','XT/3',NULL,NULL,NULL,NULL,'Computer|Desktop',NULL,NULL);
INSERT INTO item VALUES(30,'IBM PS/2 P70',NULL,'IBM','PS/2 70',NULL,NULL,NULL,NULL,'Computer|Portable',NULL,NULL);
INSERT INTO item VALUES(31,'SilentWriter 709',NULL,'Texas Instruments','709 Data Terminal','1270950166',NULL,NULL,NULL,'Terminal|Hardcopy',NULL,NULL);
INSERT INTO item VALUES(32,'Philips P9050',NULL,'Philips','P9050',NULL,NULL,NULL,NULL,'Computer',NULL,NULL);
INSERT INTO item VALUES(33,'Digital PDP-8/f','42000010','Digital','PDP-8/f','PR0300874',NULL,4,NULL,'Computer|Mini',NULL,NULL);
INSERT INTO item VALUES(34,'SGI320',NULL,'SGI','320',NULL,NULL,NULL,NULL,'Computer',NULL,NULL);
INSERT INTO item VALUES(35,'Alphaserver DS10',NULL,'Digital','Alphaserver DS10',NULL,NULL,NULL,NULL,'Computer|Server',NULL,NULL);
INSERT INTO item VALUES(36,'Alphaserver DS15',NULL,'Digital','Alphaserver DS15',NULL,NULL,NULL,NULL,'Computer|Server',NULL,NULL);
INSERT INTO item VALUES(37,'Motorola Powerstack',NULL,'Motorola','Powerstack',NULL,NULL,NULL,NULL,'Computer|Workstation',NULL,NULL);
INSERT INTO item VALUES(38,'Multia Alpha',NULL,'Digital','VX40B-F2',NULL,NULL,NULL,NULL,'Computer|Desktop',NULL,NULL);
INSERT INTO item VALUES(39,'Cipher M891640',NULL,'Cipher','M891640',NULL,NULL,NULL,NULL,'Storage',NULL,NULL);
INSERT INTO item VALUES(40,'Digital MicroPDP 11',NULL,'Digital','11C23-F','GA00475',NULL,NULL,NULL,'Computer|Mini',NULL,NULL);
INSERT INTO item VALUES(41,'Digital MicroVAX 4000/200',NULL,'Digital','6400R-F3','AY01400450',NULL,NULL,NULL,'Computer|Server',NULL,NULL);
INSERT INTO item VALUES(42,'Digital MicroVAX 4000-300',NULL,'Digital','MicroVAX 4000-300',NULL,NULL,NULL,NULL,'Computer|Server',NULL,NULL);
INSERT INTO item VALUES(43,'Digital MicroVAX II',NULL,'Digital','MicroVAX II',NULL,NULL,NULL,NULL,'Computer|Server',NULL,NULL);
INSERT INTO item VALUES(44,'Digital PDP 11/73',NULL,'Digital','PDP 11/73','850226383',NULL,NULL,NULL,'Computer|Mini',NULL,NULL);
INSERT INTO item VALUES(45,'Digital VT103',NULL,'Digital','VT103-BA','WF07206',NULL,NULL,NULL,'Computer|Desktop',NULL,NULL);
INSERT INTO item VALUES(46,'PCS W8 80/0',NULL,'PCS','W8 80/0','438.046',NULL,NULL,NULL,'Computer',NULL,NULL);
INSERT INTO item VALUES(47,'Tektronix 4002A',NULL,'Tektronix','4002A',NULL,NULL,5,NULL,'Terminal|Graphical',NULL,NULL);
INSERT INTO item VALUES(48,'LA50',NULL,'Digital','LA50-RB','TC58284B',NULL,6,NULL,'Hardcopy|Printer',NULL,NULL);
INSERT INTO item VALUES(49,'',NULL,'M4 Data','9914D','190 20789','',NULL,'800, 1600, 6250BPI, SCSI interface','Storage|Tape|Open Reel',NULL,NULL);
INSERT INTO item VALUES(50,'Calcomp 1039',NULL,'Calcomp','1039','20208-101-000',NULL,NULL,NULL,'Hardcopy|Plotter',NULL,NULL);
INSERT INTO item VALUES(51,'Fujitsu Eagle',NULL,'Fujitsu','Eagle',NULL,NULL,NULL,NULL,'Storage',NULL,NULL);
INSERT INTO item VALUES(52,'Fujitsu Eagle',NULL,'Fujitsu','Eagle',NULL,NULL,NULL,NULL,'Storage',NULL,NULL);
INSERT INTO item VALUES(53,'Fujitsu Eagle',NULL,'Fujitsu','Eagle',NULL,NULL,NULL,NULL,'Storage',NULL,NULL);
INSERT INTO item VALUES(54,'Fujitsu Eagle',NULL,'Fujitsu','Eagle',NULL,NULL,NULL,NULL,'Storage',NULL,NULL);
INSERT INTO item VALUES(55,'Fujitsu Eagle',NULL,'Fujitsu','Eagle',NULL,NULL,NULL,NULL,'Storage',NULL,NULL);
INSERT INTO item VALUES(56,'','I010003','Digital','DEC 3000 Model 300X','AY44509635','',NULL,'','Computer|Desktop',NULL,NULL);
INSERT INTO item VALUES(57,'Personal DECstation 5000/25',NULL,'Digital','PM30A-AA','AY238D9060',NULL,NULL,NULL,'Computer|Workstation',NULL,NULL);
INSERT INTO item VALUES(58,'Personal DECstation 5000/33',NULL,'Digital','PM30B-AJ','AY33222233',NULL,NULL,NULL,'Computer|Workstation',NULL,NULL);
INSERT INTO item VALUES(59,'PDP 11/44',NULL,'Digital','PDP 11/44',NULL,NULL,NULL,NULL,'Computer|Mini',NULL,NULL);
INSERT INTO item VALUES(60,'Digital PDP 11/84',NULL,'Digital','PDP 11/84','NI11755',NULL,NULL,NULL,'Computer|Mini',NULL,NULL);
INSERT INTO item VALUES(61,'kremvax',NULL,'Digital','VAX 11/750',NULL,NULL,NULL,NULL,'Computer|Mini',NULL,NULL);
INSERT INTO item VALUES(62,'Fujitsu fi6230 scanner',NULL,'Fujitsu','fi6230','3261',NULL,NULL,NULL,'Scanner',NULL,NULL);
INSERT INTO item VALUES(63,'','42001060','IBM','6360','6360-4413525','',NULL,'','Storage|Diskette|8"|dual',NULL,NULL);
INSERT INTO item VALUES(64,NULL,'42001053','Terak','8510','U100840',NULL,NULL,NULL,NULL,NULL,NULL);
INSERT INTO item VALUES(65,'29 Card Punch',NULL,'IBM','0029 B22','55-46532P9',NULL,7,NULL,'Card punch',NULL,NULL);
INSERT INTO item VALUES(66,'Osborne 1',NULL,'Osborne','1','A17009',NULL,NULL,NULL,'Computer|Portable',NULL,NULL);
INSERT INTO item VALUES(67,'Osborne 1',NULL,'Osborne','1','A19512',NULL,NULL,NULL,'Computer|Portable',NULL,NULL);
INSERT INTO item VALUES(68,'Teletype 14',NULL,'Teletype Corporation','14-KTR',NULL,NULL,NULL,NULL,'Telex',NULL,NULL);
INSERT INTO item VALUES(69,'Tele-Tec 1440',NULL,'Tec','1440','3910',NULL,NULL,NULL,'Terminal',NULL,NULL);
INSERT INTO item VALUES(70,'HP 150',NULL,'HP','150',NULL,NULL,NULL,NULL,'Computer|Desktop',NULL,NULL);
INSERT INTO item VALUES(71,'Multitron',NULL,'Multitron','16',NULL,NULL,NULL,NULL,'Modembank',NULL,NULL);
INSERT INTO item VALUES(72,'SGI 1600SW','42001032','SGI','1600SW','92000497N',NULL,NULL,NULL,'Monitor',NULL,NULL);
INSERT INTO item VALUES(73,'Monroe Model 1710',NULL,'Monroe','1710',NULL,NULL,NULL,NULL,'Calculator',NULL,NULL);
INSERT INTO item VALUES(74,'HP Apollo 700',NULL,'HP','1991A','3147GI0412',NULL,NULL,NULL,'Computer|Workstation',NULL,NULL);
INSERT INTO item VALUES(75,'Amiga 2000',NULL,'Commodore','2000',NULL,NULL,NULL,NULL,'Computer|Desktop',NULL,NULL);
INSERT INTO item VALUES(76,'Amiga 2000',NULL,'Commodore','2000',NULL,NULL,NULL,NULL,'Computer|Desktop',NULL,NULL);
INSERT INTO item VALUES(77,'Commodore CBM3016',NULL,'Commodore','2001/16','1211439',NULL,NULL,NULL,'Computer|Desktop',NULL,NULL);
INSERT INTO item VALUES(78,'Babelfish','42001021','Sail Computer','2003 07','17676','',NULL,'Bedoeld voor mediaconversie (8", 5.25" en 3.5"). Mogelijk ook aansturen van SCSI media tower (Syquest, Zip, Jaz, DLT IV, DAT, MO)','Computer|PC|Pentium 4',NULL,NULL);
INSERT INTO item VALUES(79,'Wang 2200',NULL,'Wang','2200-S1','947024',NULL,NULL,NULL,'Computer',NULL,NULL);
INSERT INTO item VALUES(80,'Calcomp 2200',NULL,'Calcomp','22180-02','J7948',NULL,NULL,NULL,'Input Device',NULL,NULL);
INSERT INTO item VALUES(81,'HP 2382A',NULL,'HP','2382A','2301F00983',NULL,NULL,NULL,'Terminal',NULL,NULL);
INSERT INTO item VALUES(82,'HP 2392A',NULL,'HP','2392A','2437F06464',NULL,NULL,NULL,'Terminal',NULL,NULL);
INSERT INTO item VALUES(83,'Tandy TRS-80 Model III','42001061','Tandy/Radio Shack','26-1062','001255M',NULL,NULL,NULL,'Computer|Desktop',NULL,NULL);
INSERT INTO item VALUES(84,'Atari 260ST',NULL,'Atari','260ST',NULL,NULL,NULL,NULL,'Computer|Homecomputer',NULL,NULL);
INSERT INTO item VALUES(85,'HP 2622A',NULL,'HP','2622A','2343A82663',NULL,NULL,NULL,'Terminal',NULL,NULL);
INSERT INTO item VALUES(86,'HP 2627A',NULL,'HP','2627A','2313F00418',NULL,NULL,NULL,'Terminal',NULL,NULL);
INSERT INTO item VALUES(87,'ASI',NULL,'Asi','286','?',NULL,8,NULL,'Computer|Portable',NULL,NULL);
INSERT INTO item VALUES(88,'IBM 3192',NULL,'IBM','3192','5599677',NULL,NULL,NULL,'Terminal',NULL,NULL);
INSERT INTO item VALUES(89,'Sun 386i/250',NULL,'Sun','386i/250','936G0415',NULL,NULL,NULL,'Computer|Workstation',NULL,NULL);
INSERT INTO item VALUES(90,'3Com Etherlink III',NULL,'3Com','3C589D-TP','','',NULL,'','Network|Adapter|PCMCIA',NULL,NULL);
INSERT INTO item VALUES(91,'Kaypro 4',NULL,'Kaypro','4/83','78459',NULL,NULL,NULL,'Computer|Portable',NULL,NULL);
INSERT INTO item VALUES(92,'Kaypro 4','42001051','Kaypro','4/84','214447',NULL,NULL,NULL,'Computer|Portable',NULL,NULL);
INSERT INTO item VALUES(93,'Tektronix 4027A',NULL,'Tektronix','4027A','B032058',NULL,NULL,NULL,'Terminal|Graphical',NULL,NULL);
INSERT INTO item VALUES(94,'HP 150',NULL,'HP','45611A','2409F07391',NULL,NULL,NULL,'Computer|Desktop',NULL,NULL);
INSERT INTO item VALUES(95,'HP 150',NULL,'HP','45611A','2409F07365',NULL,NULL,NULL,'Computer|Desktop',NULL,NULL);
INSERT INTO item VALUES(96,'HP 150',NULL,'HP','45611B','2431F06566',NULL,NULL,NULL,'Computer|Desktop',NULL,NULL);
INSERT INTO item VALUES(97,'HP 150',NULL,'HP','45611B','3431F06568',NULL,NULL,NULL,'Computer|Desktop',NULL,NULL);
INSERT INTO item VALUES(98,'150 Touchscreen II','42001066','HP','45849A','2518A03437',NULL,NULL,NULL,'Monitor',NULL,NULL);
INSERT INTO item VALUES(99,'Tektronix 4951 Joystick','42000011','Tektronix','4951 Joystick',NULL,NULL,9,NULL,'Input Device',NULL,NULL);
INSERT INTO item VALUES(100,'Philips 5010',NULL,'Philips','5010',NULL,NULL,NULL,NULL,'Computer|Desktop',NULL,NULL);
INSERT INTO item VALUES(101,'IBM 5140 Convertible',NULL,'IBM','5140',NULL,NULL,NULL,NULL,'Computer|Laptop',NULL,NULL);
INSERT INTO item VALUES(102,'IBM color display',NULL,'IBM','5153002','0895476',NULL,NULL,NULL,'Monitor',NULL,NULL);
INSERT INTO item VALUES(103,'IBM PC XT','42001020','IBM','5160 (PC XT)','5160 AV550076294',NULL,10,NULL,'Computer|Desktop',NULL,NULL);
INSERT INTO item VALUES(104,NULL,'42001000','Atari','520ST','A1 6AB 4005870',NULL,NULL,NULL,'Computer|Homecomputer',NULL,NULL);
INSERT INTO item VALUES(105,'harrie','42001001','Atari','520ST+','A1 4000149 10 1985','',NULL,'Binnengekomen vanuit steim amsterdam. Zonder voeding. Werking onbekend','Computer|Homecomputer',NULL,NULL);
INSERT INTO item VALUES(106,NULL,'42001002','Atari','520ST+','A1 4001268 10 1985',NULL,NULL,NULL,'Computer|Homecomputer',NULL,NULL);
INSERT INTO item VALUES(107,'IBM 5291',NULL,'IBM','5291 2','53-W3108',NULL,NULL,NULL,'Terminal',NULL,NULL);
INSERT INTO item VALUES(108,'System/36',NULL,'IBM','5362','44-56564',NULL,NULL,NULL,'Computer|Server',NULL,NULL);
INSERT INTO item VALUES(109,'Holbornsysteem 6100','serial #42','Holborn','6110',NULL,NULL,NULL,NULL,'Computer',NULL,NULL);
INSERT INTO item VALUES(110,'Wang 700',NULL,'Wang','700B','825482',NULL,NULL,NULL,'Calculator|Programmable',NULL,NULL);
INSERT INTO item VALUES(111,'SilentWriter 700',NULL,'Texas Instruments','745 portable','04746 12285',NULL,NULL,NULL,'Terminal|Hardcopy',NULL,NULL);
INSERT INTO item VALUES(112,NULL,'42001037','HP','7550 PLUS','3144L07004',NULL,NULL,NULL,'Hardcopy|Plotter',NULL,NULL);
INSERT INTO item VALUES(113,'SilentWriter 700',NULL,'Texas Instruments','765 portable',NULL,NULL,NULL,NULL,'Terminal|Hardcopy',NULL,NULL);
INSERT INTO item VALUES(114,'Commodore CBM 8096-SK',NULL,'Commodore','8096-SK','0719',NULL,NULL,NULL,'Computer|Homecomputer',NULL,NULL);
INSERT INTO item VALUES(115,'Apple 3.5 Drive',NULL,'Apple','825-1304-A','Y810BHA','',NULL,'','Storage|Diskette|3.5"',NULL,NULL);
INSERT INTO item VALUES(116,'HP 82913A',NULL,'HP','82913A','2317J5323O',NULL,NULL,NULL,'Monitor',NULL,NULL);
INSERT INTO item VALUES(117,'Commodore CBM 8296',NULL,'Commodore','8296','0306',NULL,NULL,NULL,'Computer|Homecomputer',NULL,NULL);
INSERT INTO item VALUES(118,NULL,'42001052','IBM','8530-021','55-2025391',NULL,NULL,NULL,NULL,NULL,NULL);
INSERT INTO item VALUES(119,'HP 85',NULL,'HP','85A','2349A25144',NULL,NULL,NULL,'Computer|Desktop',NULL,NULL);
INSERT INTO item VALUES(120,'HP 9000 712/80',NULL,'HP','9000 712/80',NULL,NULL,NULL,NULL,'Computer|Workstation',NULL,NULL);
INSERT INTO item VALUES(121,'Holborn 9100',NULL,'Holborn','9100',NULL,NULL,NULL,NULL,'Computer',NULL,NULL);
INSERT INTO item VALUES(122,'Kennedy 9100',NULL,'Kennedy','9100','','',NULL,'','Storage|Tape|Open Reel',NULL,NULL);
INSERT INTO item VALUES(123,'Holborn 9120',NULL,'Holborn','9120','100002',NULL,11,NULL,'Computer',NULL,NULL);
INSERT INTO item VALUES(124,NULL,'42001065','HP','9121D','2229A20047',NULL,NULL,NULL,'Storage|Diskette|3.5"|dual',NULL,NULL);
INSERT INTO item VALUES(125,'HP 9145',NULL,'HP','9145',NULL,NULL,NULL,NULL,'Storage',NULL,NULL);
INSERT INTO item VALUES(126,NULL,'42001064','HP','9153A','2515A02620',NULL,NULL,NULL,'Storage|Diskette|3.5"',NULL,NULL);
INSERT INTO item VALUES(127,'OCE CPT 8600',NULL,'CPT','931190',NULL,NULL,NULL,NULL,'Word processor',NULL,NULL);
INSERT INTO item VALUES(128,'IBM 9331-011 External 8" Floppy Disk Drive','42001062','IBM','9331 011','10-87576','',NULL,NULL,NULL,NULL,NULL);
INSERT INTO item VALUES(129,'HP 95LX',NULL,'HP','95LX','ABB3145A04886',NULL,NULL,NULL,'Computer|Handheld',NULL,NULL);
INSERT INTO item VALUES(130,'Control Data 9762',NULL,'Control Data','9762','','',NULL,'','Storage|Disk|Removable',NULL,NULL);
INSERT INTO item VALUES(131,'HP 216',NULL,'HP','9816S','2350G12064',NULL,NULL,NULL,'Computer',NULL,NULL);
INSERT INTO item VALUES(132,'HP 9000/340',NULL,'HP','98571','2845G04089',NULL,NULL,NULL,'Computer|Workstation',NULL,NULL);
INSERT INTO item VALUES(133,'HP 9000/340',NULL,'HP','98571','2845G04090',NULL,NULL,NULL,'Computer|Workstation',NULL,NULL);
INSERT INTO item VALUES(134,'HP 9000/340CH','42001054','HP','98571G','2845G07177',NULL,NULL,NULL,'Computer|Workstation',NULL,NULL);
INSERT INTO item VALUES(135,'Commodore Amiga 2000',NULL,'Commodore','A2000','JA4024177',NULL,NULL,NULL,'Computer|Homecomputer',NULL,NULL);
INSERT INTO item VALUES(136,'Graphics Tablet',NULL,'Apple','A2M2007','105945',NULL,NULL,NULL,'Input Device',NULL,NULL);
INSERT INTO item VALUES(137,'Apple //e Monitor',NULL,'Apple','A2M2010P','0105097',NULL,NULL,NULL,'Monitor',NULL,NULL);
INSERT INTO item VALUES(138,'A5',NULL,'Olivetti','A5',NULL,NULL,NULL,NULL,'Calculator|Accounting',NULL,NULL);
INSERT INTO item VALUES(139,'Lisa 2/10',NULL,'Apple','A6S0200P',NULL,NULL,NULL,NULL,'Computer|Desktop',NULL,NULL);
INSERT INTO item VALUES(140,'Lisa 2/10',NULL,'Apple','A6S0200P','A4282380',NULL,NULL,NULL,'Computer|Desktop',NULL,NULL);
INSERT INTO item VALUES(141,'Lisa 2/10',NULL,'Apple','A6S0200P','A3343040',NULL,NULL,NULL,'Computer|Desktop',NULL,NULL);
INSERT INTO item VALUES(142,'Apple ProFile',NULL,'Apple','A9M0100Z','DE003696',NULL,NULL,NULL,'Storage',NULL,NULL);
INSERT INTO item VALUES(143,'Imagewriter I',NULL,'Apple','A9M0303P','653797',NULL,NULL,NULL,'Hardcopy|Printer',NULL,NULL);
INSERT INTO item VALUES(144,'Lear Siegler ADM 3A',NULL,'Lear Siegler','ADM 3A',NULL,NULL,NULL,NULL,'Terminal',NULL,NULL);
INSERT INTO item VALUES(145,'Lear Siegler ADM 3A',NULL,'Lear Siegler','ADM 3A',NULL,NULL,NULL,NULL,'Terminal',NULL,NULL);
INSERT INTO item VALUES(146,'Lear Siegler ADM 3A',NULL,'Lear Siegler','ADM 3A',NULL,NULL,NULL,NULL,'Terminal',NULL,NULL);
INSERT INTO item VALUES(147,'Lear Siegler ADM 1A',NULL,'Lear Siegler','ADM-1A',NULL,NULL,NULL,NULL,'Terminal',NULL,NULL);
INSERT INTO item VALUES(148,'Sumlock Anita',NULL,'Sumlock','Anita mk9','C/9/35463',NULL,NULL,NULL,'Calculator',NULL,NULL);
INSERT INTO item VALUES(149,'Acorn Archimedes 410',NULL,'Acorn','Archimedes 410','27-AKB40-100?976',NULL,NULL,NULL,'Computer|Workstation',NULL,NULL);
INSERT INTO item VALUES(150,'ASR43',NULL,'Teletype Corporation','ASR43',NULL,NULL,NULL,NULL,'Terminal|Hardcopy',NULL,NULL);
INSERT INTO item VALUES(151,'Digital BA23-A',NULL,'Digital','BA23-A','AY70601315',NULL,NULL,NULL,'System unit',NULL,NULL);
INSERT INTO item VALUES(152,'Digital BA23-A',NULL,'Digital','BA23-A','GA00209',NULL,NULL,NULL,'System unit',NULL,NULL);
INSERT INTO item VALUES(153,'Acorn BBC B',NULL,'Acorn','BBC B','01-ANBOI-3008424',NULL,NULL,NULL,'Computer|Homecomputer',NULL,NULL);
INSERT INTO item VALUES(154,'Philips Computer Monitor 80',NULL,'Philips','BM7513/001','08904109598',NULL,NULL,NULL,'Monitor',NULL,NULL);
INSERT INTO item VALUES(155,'RDI BriteLite',NULL,'RDI','Britelite',NULL,NULL,NULL,NULL,'Computer|Laptop',NULL,NULL);
INSERT INTO item VALUES(156,NULL,'42001047','Burroughs','C 3262','C-000495-115',NULL,NULL,NULL,'Calculator',NULL,NULL);
INSERT INTO item VALUES(157,'Commodore C128D',NULL,'Commodore','C128D','DA422337',NULL,NULL,NULL,'Computer|Homecomputer',NULL,NULL);
INSERT INTO item VALUES(158,'HP Surestore DLT80',NULL,'HP','C5726A','US93005218',NULL,NULL,NULL,'Storage',NULL,NULL);
INSERT INTO item VALUES(159,'Commodore CBM 2001',NULL,'Commodore','CBM 2001',NULL,NULL,NULL,NULL,'Computer|Desktop',NULL,NULL);
INSERT INTO item VALUES(160,'Commodore CBM 8050',NULL,'Commodore','CBM 8050','WG2257',NULL,NULL,NULL,'Storage',NULL,NULL);
INSERT INTO item VALUES(161,'Commodore CBM 8250',NULL,'Commodore','CBM 8250','WG5367',NULL,NULL,NULL,'Storage',NULL,NULL);
INSERT INTO item VALUES(162,'Philips Compact Disc Recorder','42001058','Philips','CDD522/10','AH009432010027',NULL,NULL,NULL,'Storage',NULL,NULL);
INSERT INTO item VALUES(163,NULL,'42001055','Chinon','CDS-430','E001935',NULL,NULL,NULL,'Storage|CDROM|With audio',NULL,NULL);
INSERT INTO item VALUES(164,'Sharp CE-125',NULL,'Sharp','CE-125',NULL,NULL,NULL,NULL,'Computer|Handheld',NULL,NULL);
INSERT INTO item VALUES(165,'SGI Challenge S',NULL,'SGI','Challenge S',NULL,NULL,NULL,NULL,'Computer|Workstation',NULL,NULL);
INSERT INTO item VALUES(166,'SGI Challenge S',NULL,'SGI','Challenge S',NULL,NULL,NULL,NULL,'Computer|Workstation',NULL,NULL);
INSERT INTO item VALUES(167,'CIT-101',NULL,'C-Itoh','CIT 101',NULL,NULL,NULL,NULL,'Terminal',NULL,NULL);
INSERT INTO item VALUES(168,'CIT-101',NULL,'C-Itoh','CIT 101',NULL,NULL,NULL,NULL,'Terminal',NULL,NULL);
INSERT INTO item VALUES(169,'Indy','42001041','SGI','CMN B006','08006906f29d',NULL,NULL,NULL,NULL,NULL,NULL);
INSERT INTO item VALUES(170,'SGI Personal Iris',NULL,'SGI','CMN-B001','E0130444',NULL,NULL,NULL,'Computer|Workstation',NULL,NULL);
INSERT INTO item VALUES(171,'SGI Personal Iris',NULL,'SGI','CMN-B001','E5044086',NULL,NULL,NULL,'Computer|Workstation',NULL,NULL);
INSERT INTO item VALUES(172,'SGI Indy',NULL,'SGI','CMN-B006','0b:00:69:06:14:0f',NULL,NULL,NULL,'Computer|Workstation',NULL,NULL);
INSERT INTO item VALUES(173,'Iris Indigo','42001019','SGI','CMNB003B','024-8047-006 / 35502746',NULL,NULL,NULL,'Power supply',NULL,NULL);
INSERT INTO item VALUES(174,'SGI Indigo2',NULL,'SGI','CMNB007AF175','08:00:69:0B:24:EF',NULL,NULL,NULL,'Computer|Workstation',NULL,NULL);
INSERT INTO item VALUES(175,'Friden Computyper',NULL,'Friden','Computyper',NULL,NULL,NULL,NULL,'Typewriter',NULL,NULL);
INSERT INTO item VALUES(176,'Colour Personal Computer',NULL,'Amstrad/Schneider','CPC-464','196372',NULL,NULL,NULL,'Computer|Homecomputer',NULL,NULL);
INSERT INTO item VALUES(177,'Schneider CPC-464',NULL,'Schneider','CPC-464','533-7631031',NULL,NULL,NULL,'Computer|Homecomputer',NULL,NULL);
INSERT INTO item VALUES(178,'Schneider CPC-6128',NULL,'Schneider','CPC-6128','5326727056',NULL,NULL,NULL,'Computer|Homecomputer',NULL,NULL);
INSERT INTO item VALUES(179,'Schneider CPC-6128',NULL,'Schneider','CPC-6128','5326727057',NULL,NULL,NULL,'Computer|Homecomputer',NULL,NULL);
INSERT INTO item VALUES(180,'Schneider CPC-6128',NULL,'Schneider','CPC-6128','5326727101',NULL,NULL,NULL,'Computer|Homecomputer',NULL,NULL);
INSERT INTO item VALUES(181,'OCE CPT 8515',NULL,'OCE','CPT 8515',NULL,NULL,NULL,NULL,'Word processor',NULL,NULL);
INSERT INTO item VALUES(182,NULL,'42001059','Avocent','D51S','520118903',NULL,NULL,NULL,NULL,NULL,NULL);
INSERT INTO item VALUES(183,NULL,'42001057','Compaq','D51S','CZC3180SPZ',NULL,NULL,NULL,NULL,NULL,NULL);
INSERT INTO item VALUES(184,'DEChub 90',NULL,'Digital','DEChub 90',NULL,NULL,NULL,NULL,'Network',NULL,NULL);
INSERT INTO item VALUES(185,'Digital DECmate',NULL,'Digital','DECmate I',NULL,NULL,NULL,NULL,'Word processor',NULL,NULL);
INSERT INTO item VALUES(186,'DECstation 3000',NULL,'Digital','DECstation 3000',NULL,NULL,NULL,NULL,'Computer|Workstation',NULL,NULL);
INSERT INTO item VALUES(187,'DEREP',NULL,'Digital','DEREP','AS91031904',NULL,NULL,NULL,'Network',NULL,NULL);
INSERT INTO item VALUES(188,'Ancona Computer Monitor',NULL,'Ancona','DI652/00B','TY00531000735',NULL,NULL,NULL,'Monitor',NULL,NULL);
INSERT INTO item VALUES(189,'Schneider DMP2000',NULL,'Schneider','DMP2000','71818',NULL,NULL,NULL,'Hardcopy|Printer',NULL,NULL);
INSERT INTO item VALUES(190,'Schneider DMP2000',NULL,'Schneider','DMP2000','71822',NULL,NULL,NULL,'Hardcopy|Printer',NULL,NULL);
INSERT INTO item VALUES(191,'Apollo DN-560',NULL,'Apollo','DN560','55502149',NULL,NULL,NULL,'Computer|Workstation',NULL,NULL);
INSERT INTO item VALUES(192,NULL,'42001023','Dynatech','DPD-8-8 Dynapad Dynapac','GK 50085',NULL,NULL,NULL,'Networking|X.25 PAD',NULL,NULL);
INSERT INTO item VALUES(193,'DS700-16',NULL,'Digital','DS700-16 (DSRVW-YB)',NULL,NULL,NULL,NULL,'Network|Server|Terminal',NULL,NULL);
INSERT INTO item VALUES(194,'ICL Alfaskop',NULL,'ICL','DU715','19307 003049',NULL,NULL,NULL,'Terminal',NULL,NULL);
INSERT INTO item VALUES(195,'Flatron','42001031','LG','E2441TX','112NDUN81638',NULL,NULL,NULL,'Monitor',NULL,NULL);
INSERT INTO item VALUES(196,'Acorn Electron',NULL,'Acorn','Electron','07-GLAO-1009611',NULL,NULL,NULL,'Computer|Homecomputer',NULL,NULL);
INSERT INTO item VALUES(197,'Acorn Electron',NULL,'Acorn','Electron','07-GLAO-1012322',NULL,NULL,NULL,'Computer|Homecomputer',NULL,NULL);
INSERT INTO item VALUES(198,'Apricot F1','42001046','Apricot','F1','MF067805',NULL,NULL,NULL,'Computer|Desktop',NULL,NULL);
INSERT INTO item VALUES(199,'CRDS FD211',NULL,'Charles Rivers Data Systems','FD211','A1295',NULL,NULL,NULL,'Storage',NULL,NULL);
INSERT INTO item VALUES(200,'CRDS FD311',NULL,'Charles Rivers Data Systems','FD311','A532',NULL,NULL,NULL,'Storage',NULL,NULL);
INSERT INTO item VALUES(201,'Digital Flip Chips',NULL,'Digital','Flip Chips',NULL,NULL,12,NULL,'Parts',NULL,NULL);
INSERT INTO item VALUES(202,'Digital Flip Chips',NULL,'Digital','Flip Chips',NULL,NULL,NULL,NULL,'Parts',NULL,NULL);
INSERT INTO item VALUES(203,'Yodobashi Formula 1',NULL,'Yodobashi','Formula1',NULL,NULL,NULL,NULL,'Computer',NULL,NULL);
INSERT INTO item VALUES(204,'T100A',NULL,'Siemens','fs sk 2186/1','2U80723 / 2U79667',NULL,NULL,NULL,'Telex',NULL,NULL);
INSERT INTO item VALUES(205,'Casio FX-702P',NULL,'Casio','FX-702P','2B206B',NULL,NULL,NULL,'Calculator',NULL,NULL);
INSERT INTO item VALUES(206,'Apple G4 Cube',NULL,'Apple','G4 Cube',NULL,NULL,NULL,NULL,'Computer|Desktop',NULL,NULL);
INSERT INTO item VALUES(207,'Barco GD33',NULL,'Barco','GD33',NULL,NULL,NULL,NULL,'Monitor',NULL,NULL);
INSERT INTO item VALUES(208,'Barco GD33',NULL,'Barco','GD33',NULL,NULL,NULL,NULL,'Monitor',NULL,NULL);
INSERT INTO item VALUES(209,NULL,'42000009','Target','Gempower','?',NULL,NULL,NULL,'Computer|Portable',NULL,NULL);
INSERT INTO item VALUES(210,NULL,NULL,'GRiD Systems Corporation','GRiDCase 1520',NULL,NULL,NULL,NULL,'Computer|Laptop',NULL,NULL);
INSERT INTO item VALUES(211,'Schneider GT65',NULL,'Schneider','GT65','28581',NULL,NULL,NULL,'Monitor',NULL,NULL);
INSERT INTO item VALUES(212,'CRDS HD11-T',NULL,'Charles Rivers Data Systems','HD11-T','A464',NULL,NULL,NULL,'Storage',NULL,NULL);
INSERT INTO item VALUES(213,'HP 10C',NULL,'HP','HP 10C','2247A02518',NULL,NULL,NULL,'Calculator',NULL,NULL);
INSERT INTO item VALUES(214,'Portfolio',NULL,'Atari','HPC-004','K1163045449',NULL,NULL,NULL,'Computer|Handheld',NULL,NULL);
INSERT INTO item VALUES(215,'Toshiba HX-10',NULL,'Toshiba','HX-10',NULL,NULL,NULL,NULL,'Computer|Homecomputer',NULL,NULL);
INSERT INTO item VALUES(216,'HX-20','42000005','Epson','HX-20','016647',NULL,NULL,NULL,'Computer|Portable',NULL,NULL);
INSERT INTO item VALUES(217,'Epson HX-20',NULL,'Epson','HX-20','015122',NULL,NULL,NULL,'Computer|Portable',NULL,NULL);
INSERT INTO item VALUES(218,'Apple iMac',NULL,'Apple','iMac G3 Green',NULL,NULL,13,NULL,'Computer|Desktop',NULL,NULL);
INSERT INTO item VALUES(219,'SGI Indigo',NULL,'SGI','Indigo',NULL,NULL,NULL,NULL,'Computer|Workstation',NULL,NULL);
INSERT INTO item VALUES(220,'SGI Indigo 2',NULL,'SGI','Indigo²',NULL,NULL,NULL,NULL,'Computer|Workstation',NULL,NULL);
INSERT INTO item VALUES(221,'SGI Indy (1)',NULL,'SGI','Indy',NULL,NULL,NULL,NULL,'Computer|Workstation',NULL,NULL);
INSERT INTO item VALUES(222,'SGI Indy (2)',NULL,'SGI','Indy',NULL,NULL,NULL,NULL,'Computer|Workstation',NULL,NULL);
INSERT INTO item VALUES(223,'Digital InfoServer 150',NULL,'Digital','Infoserver 150',NULL,NULL,NULL,NULL,'Computer|Server',NULL,NULL);
INSERT INTO item VALUES(224,'SGI Iris Indigo',NULL,'SGI','Iris Indigo',NULL,NULL,NULL,NULL,'Computer|Workstation',NULL,NULL);
INSERT INTO item VALUES(225,'SGI Iris Indigo',NULL,'SGI','Iris Indigo',NULL,NULL,NULL,NULL,'Computer|Workstation',NULL,NULL);
INSERT INTO item VALUES(226,'Carbon',NULL,'Sun','Javastation','823K0021',NULL,NULL,NULL,'Computer|Thin Client',NULL,NULL);
INSERT INTO item VALUES(227,'Sun JavaStation-1',NULL,'Sun','Javastation-1 "Mr.Coffee"','711C1494',NULL,NULL,NULL,'Computer|Thin Client',NULL,NULL);
INSERT INTO item VALUES(228,'Sun JavaStation-10',NULL,'Sun','JavaStation-10 "Krups"',NULL,NULL,NULL,NULL,'Computer|Thin Client',NULL,NULL);
INSERT INTO item VALUES(229,'NEC Multisync 5FG',NULL,'NEC','JC-1741UMB','27D00509A',NULL,NULL,NULL,'Monitor',NULL,NULL);
INSERT INTO item VALUES(230,'GNT 4601',NULL,'GNT Automatic A/S','KDVK 12621','481401',NULL,NULL,NULL,'Card punch',NULL,NULL);
INSERT INTO item VALUES(231,NULL,'42001003','Atari','Keyboard','A1 3008886 81',NULL,NULL,NULL,'Keyboard',NULL,NULL);
INSERT INTO item VALUES(232,NULL,'42001004','Atari','Keyboard','A1 3003319 7A',NULL,NULL,NULL,'Keyboard',NULL,NULL);
INSERT INTO item VALUES(233,NULL,'42001005','Atari','Keyboard','A1 3001624 78',NULL,NULL,NULL,'Keyboard',NULL,NULL);
INSERT INTO item VALUES(234,NULL,'42001006','Atari','Keyboard','A1 3017078 95',NULL,NULL,NULL,'Keyboard',NULL,NULL);
INSERT INTO item VALUES(235,'Digital Correspondent',NULL,'Digital','LA12-DB',NULL,NULL,NULL,NULL,'Terminal|Hardcopy',NULL,NULL);
INSERT INTO item VALUES(236,'Digital Correspondent',NULL,'Digital','LA12-DB','PN69467',NULL,NULL,NULL,'Terminal|Hardcopy',NULL,NULL);
INSERT INTO item VALUES(237,'Digital DECwriter III (LA120)',NULL,'Digital','LA120',NULL,NULL,NULL,NULL,'Terminal|Hardcopy',NULL,NULL);
INSERT INTO item VALUES(238,'Digital DECwriter III',NULL,'Digital','LA120',NULL,NULL,14,NULL,'Terminal|Hardcopy',NULL,NULL);
INSERT INTO item VALUES(239,'Compaq LTE',NULL,'Compaq','LTE',NULL,NULL,NULL,NULL,'Computer|Laptop',NULL,NULL);
INSERT INTO item VALUES(240,'Apple 400k Drive',NULL,'Apple','M0130','Y4425PPM0130','',NULL,'','Storage|Diskette|3.5"',NULL,NULL);
INSERT INTO item VALUES(241,'Olivetti M111',NULL,'Olivetti','M111',NULL,NULL,NULL,NULL,'Computer|Portable',NULL,NULL);
INSERT INTO item VALUES(242,'Macintosh Portable',NULL,'Apple','M5126',NULL,NULL,NULL,NULL,'Computer|Laptop',NULL,NULL);
INSERT INTO item VALUES(243,'Macintosh Performa 5300',NULL,'Apple','Macintosh Performa 5300',NULL,NULL,NULL,NULL,'Computer|Desktop',NULL,NULL);
INSERT INTO item VALUES(244,NULL,'42001012','Atari','Mega ST2','A1 79 4001037',NULL,NULL,NULL,'Computer|Desktop',NULL,NULL);
INSERT INTO item VALUES(245,NULL,'42001011','Atari','Mega ST2 UK','A1 81 3000889M',NULL,NULL,NULL,'Computer|Desktop',NULL,NULL);
INSERT INTO item VALUES(246,NULL,'42001010','Atari','Mega ST2 UK','A1 7A 3000504',NULL,NULL,NULL,'Computer|Desktop',NULL,NULL);
INSERT INTO item VALUES(247,'Messagepad 130',NULL,'Apple','Messagepad 130',NULL,NULL,NULL,NULL,'Computer|Handheld',NULL,NULL);
INSERT INTO item VALUES(248,NULL,'42001048','Micropolis','Microdisk LT','geen',NULL,NULL,NULL,NULL,NULL,NULL);
INSERT INTO item VALUES(249,'MicroVAX 2000',NULL,'Digital','MicroVAX 2000',NULL,NULL,NULL,NULL,'Computer',NULL,NULL);
INSERT INTO item VALUES(250,'MicroVAX 3100',NULL,'Digital','MicroVAX 3100',NULL,NULL,NULL,NULL,'Computer|Server',NULL,NULL);
INSERT INTO item VALUES(251,'MIcroVAX 3100',NULL,'Digital','MicroVAX 3100',NULL,NULL,NULL,NULL,'Computer|Server',NULL,NULL);
INSERT INTO item VALUES(252,'Osborne Model II',NULL,'Osborne','Model II','010331',NULL,NULL,NULL,'Computer|Portable',NULL,NULL);
INSERT INTO item VALUES(253,'Multitech MPF-III',NULL,'Multitech','MPF-III',NULL,NULL,NULL,NULL,'Computer',NULL,NULL);
INSERT INTO item VALUES(254,'MUXserver 90',NULL,'Digital','MUXserver 90',NULL,NULL,NULL,NULL,'Network',NULL,NULL);
INSERT INTO item VALUES(255,'MZ-700',NULL,'Sharp','MZ-700','45025096',NULL,NULL,NULL,'Computer|Desktop',NULL,NULL);
INSERT INTO item VALUES(256,'NeXTcube','42001063','NeXT','N1000A','ABA0001903',NULL,NULL,NULL,NULL,NULL,NULL);
INSERT INTO item VALUES(257,'NextStation TurboColor',NULL,'NeXT','N1200','ABC0014066',NULL,NULL,NULL,'Computer|Workstation',NULL,NULL);
INSERT INTO item VALUES(258,'NextStation Color',NULL,'NeXT','N1200','ABC0006227',NULL,NULL,NULL,'Computer|Workstation',NULL,NULL);
INSERT INTO item VALUES(259,'NextStation TurboColor',NULL,'NeXT','N1200','ABC0051217',NULL,NULL,NULL,'Computer|Workstation',NULL,NULL);
INSERT INTO item VALUES(260,'NeXTstation Color','42001043','NeXT','N1200','ABC0014033',NULL,NULL,NULL,NULL,NULL,NULL);
INSERT INTO item VALUES(261,'NeXT Laserprinter',NULL,'NeXT','N2000','AAC0018040',NULL,NULL,NULL,'Hardcopy|Printer',NULL,NULL);
INSERT INTO item VALUES(262,'MegaPixel 21-inch Color Display','42001029','NeXT','N4005A','ADB9200776',NULL,NULL,NULL,'Monitor',NULL,NULL);
INSERT INTO item VALUES(263,'NeXTcube',NULL,'NeXT','NeXTcube',NULL,NULL,NULL,NULL,'Computer',NULL,NULL);
INSERT INTO item VALUES(264,'NeXTstation',NULL,'NeXT','NeXTstation',NULL,NULL,NULL,NULL,'Computer|Workstation',NULL,NULL);
INSERT INTO item VALUES(265,'NSLU 2',NULL,'LinkSys','NSLU 2',NULL,NULL,NULL,NULL,'Computer',NULL,NULL);
INSERT INTO item VALUES(266,'SGI O2','42001034','SGI','O2 / CMN B014ANF225','3862A570',NULL,15,NULL,'Computer|Workstation',NULL,NULL);
INSERT INTO item VALUES(267,'6441',NULL,'IBM','Office System 6/420','5324522',NULL,NULL,NULL,'Word processor',NULL,NULL);
INSERT INTO item VALUES(268,'OPD','42001035','ICL-Sinclair','One Per Desktop','008601/02 085/005219',NULL,NULL,NULL,'Computer|Desktop',NULL,NULL);
INSERT INTO item VALUES(269,'SGI Origin 200 (1)',NULL,'SGI','Origin 200',NULL,NULL,NULL,NULL,'Computer|Server',NULL,NULL);
INSERT INTO item VALUES(270,'SGI Origin 200 (2)',NULL,'SGI','Origin 200',NULL,NULL,NULL,NULL,'Computer|Server',NULL,NULL);
INSERT INTO item VALUES(271,'Origin 2000',NULL,'SGI','Origin 2000',NULL,NULL,NULL,NULL,'Computer|Server',NULL,NULL);
INSERT INTO item VALUES(272,'Philips P2000',NULL,'Philips','P2000',NULL,NULL,NULL,NULL,'Computer|Homecomputer',NULL,NULL);
INSERT INTO item VALUES(273,'IBM PC RT 6150',NULL,'IBM','PC RT 6150','53-11194',NULL,NULL,NULL,'Computer|Workstation',NULL,NULL);
INSERT INTO item VALUES(274,'IBM PC RT 6150',NULL,'IBM','PC RT 6150','53-13453',NULL,NULL,NULL,'Computer|Workstation',NULL,NULL);
INSERT INTO item VALUES(275,'Sharp PC-7100',NULL,'Sharp','PC-7100','30100243',NULL,NULL,NULL,'Computer|Portable',NULL,NULL);
INSERT INTO item VALUES(276,'Wang PC-S1-3',NULL,'Wang','PC-S1-3','?',NULL,NULL,NULL,'Computer|Desktop',NULL,NULL);
INSERT INTO item VALUES(277,'Rainbow',NULL,'Digital','PC100-B3','ZG06787',NULL,NULL,NULL,'Computer|Desktop',NULL,NULL);
INSERT INTO item VALUES(278,'DECmate III',NULL,'Digital','PC238-AB','TA22513',NULL,NULL,NULL,'Word processor',NULL,NULL);
INSERT INTO item VALUES(279,'DECmate III',NULL,'Digital','PC238-AB','AY64507356',NULL,NULL,NULL,'Word processor',NULL,NULL);
INSERT INTO item VALUES(280,'Sharp PC4500',NULL,'Sharp','PC4500',NULL,NULL,NULL,NULL,'Computer|Laptop',NULL,NULL);
INSERT INTO item VALUES(281,'Digital VAXMate',NULL,'Digital','PC500-B3','AY72101480','',NULL,'','Computer|Desktop',NULL,NULL);
INSERT INTO item VALUES(282,'AT&T PC7300','42001036','Olivetti AT&T','PC7300','370429020 000809','https://hack42.nl/wiki/Olivetti_AT&T_PC_7300',16,'The 3B1 (also known as the PC7300, or Unix PC) was a Unix workstation computer originally developed by Convergent Technologies (later acquired by Unisys), and marketed by AT&T in the mid- to late-1980s. Despite the name, the 3B1 had little in common with AT&T''s other 3B-series computers. ','Computer|Desktop',NULL,NULL);
INSERT INTO item VALUES(283,'DEC3000 400',NULL,'Digital','PE40A-A9','AY33221334',NULL,NULL,NULL,'Computer|Workstation',NULL,NULL);
INSERT INTO item VALUES(284,'PolyTel',NULL,'Comterm','Polytel PT200','15334',NULL,NULL,NULL,'Terminal',NULL,NULL);
INSERT INTO item VALUES(285,NULL,'42001024','Livingston Enterprises Inc.','PortMaster 2e / PM2E','1B14432',NULL,NULL,NULL,'Network|Server|Communication',NULL,NULL);
INSERT INTO item VALUES(286,NULL,'42001025','Livingston Enterprises Inc.','PortMaster 2e / PM2Ei','1N01218',NULL,NULL,NULL,'Network|Server|Communication',NULL,NULL);
INSERT INTO item VALUES(287,NULL,'42001027','Livingston Enterprises Inc.','PortMaster ISDN Office Router (OR-ST)','1K01704',NULL,NULL,NULL,NULL,NULL,NULL);
INSERT INTO item VALUES(288,NULL,'42001026','Livingston Enterprises Inc.','PortMaster Sychronous Office Router (OR-HS)','1J00399',NULL,NULL,NULL,NULL,NULL,NULL);
INSERT INTO item VALUES(289,NULL,'42001028','Livingston Enterprises Inc.','PortMaster Sychronous Office Router (OR-LS)','1L03283',NULL,NULL,NULL,NULL,NULL,NULL);
INSERT INTO item VALUES(290,NULL,'42001007','Atari','Power brick','S02501479B2',NULL,NULL,NULL,'Power supply',NULL,NULL);
INSERT INTO item VALUES(291,NULL,'42001008','Atari','Power brick','Unreadable',NULL,NULL,NULL,'Power supply',NULL,NULL);
INSERT INTO item VALUES(292,'Apple Powerbook160',NULL,'Apple','Powerbook160',NULL,NULL,NULL,NULL,'Computer|Laptop',NULL,NULL);
INSERT INTO item VALUES(293,'Apple Powerbook165',NULL,'Apple','Powerbook165',NULL,NULL,NULL,NULL,'Computer|Laptop',NULL,NULL);
INSERT INTO item VALUES(294,'IBM PowerPC 7248',NULL,'IBM','PowerPC 7248',NULL,NULL,NULL,NULL,'Computer|Workstation',NULL,NULL);
INSERT INTO item VALUES(295,'Amstrad PPC640',NULL,'Amstrad','PPC640','532-8726096','',NULL,'','Computer|Portable',NULL,NULL);
INSERT INTO item VALUES(296,'Amstrad PPC640',NULL,'Amstrad','PPC640','532-8725866','',NULL,'','Computer|Portable',NULL,NULL);
INSERT INTO item VALUES(297,'Slipstream Professional X100',NULL,'Slipstream','Professional X100','?',NULL,NULL,NULL,'Monitor',NULL,NULL);
INSERT INTO item VALUES(298,'Programma 101',NULL,'Olivetti','Programma 101',NULL,NULL,NULL,NULL,'Calculator|Programmable',NULL,NULL);
INSERT INTO item VALUES(299,'Geneva',NULL,'Epson','PX-8','014564',NULL,NULL,NULL,'Computer|Laptop',NULL,NULL);
INSERT INTO item VALUES(300,'Geneva',NULL,'Epson','PX-8',NULL,NULL,NULL,NULL,'Computer|Laptop',NULL,NULL);
INSERT INTO item VALUES(301,'Sinclair QL',NULL,'Sinclair','QL','D13-049208',NULL,NULL,NULL,'Computer|Homecomputer',NULL,NULL);
INSERT INTO item VALUES(302,'Olivetti Quaderno',NULL,'Olivetti','Quaderno',NULL,NULL,NULL,NULL,'Computer|Handheld',NULL,NULL);
INSERT INTO item VALUES(303,'Digital RL02',NULL,'Digital','RL02-A','GA04054','',NULL,'','Storage|Disk|Removable',NULL,NULL);
INSERT INTO item VALUES(304,'Digital RL02',NULL,'Digital','RL02-A','GA04136','',NULL,'','Storage|Disk|Removable',NULL,NULL);
INSERT INTO item VALUES(305,'THT Ro204',NULL,'THT','Ro204',NULL,NULL,NULL,NULL,'Storage',NULL,NULL);
INSERT INTO item VALUES(306,'THT Ro204',NULL,'THT','Ro204',NULL,NULL,NULL,NULL,'Storage',NULL,NULL);
INSERT INTO item VALUES(307,'THT Ro204',NULL,'THT','Ro204',NULL,NULL,NULL,NULL,'Storage',NULL,NULL);
INSERT INTO item VALUES(308,'THT Ro204',NULL,'THT','Ro204',NULL,NULL,NULL,NULL,'Storage',NULL,NULL);
INSERT INTO item VALUES(309,'IBM RS6000 E20',NULL,'IBM','RS6000 E20',NULL,NULL,NULL,NULL,'Computer|Server',NULL,NULL);
INSERT INTO item VALUES(310,'IBM RS6000 F30',NULL,'IBM','RS6000 F30',NULL,NULL,NULL,NULL,'Computer|Server',NULL,NULL);
INSERT INTO item VALUES(311,'IBM RS6000-150',NULL,'IBM','RS6000-150',NULL,NULL,NULL,NULL,'Computer|Workstation',NULL,NULL);
INSERT INTO item VALUES(312,'Toshiba Satellite 100CS',NULL,'Toshiba','Satellite 100CS',NULL,NULL,17,NULL,'Computer|Laptop',NULL,NULL);
INSERT INTO item VALUES(313,'Atari SC1224',NULL,'Atari','SC1224','N1834037312',NULL,NULL,NULL,'Monitor',NULL,NULL);
INSERT INTO item VALUES(314,'Sony SDX-D700C',NULL,'Sony','SDX-D700C',NULL,NULL,NULL,NULL,'Storage',NULL,NULL);
INSERT INTO item VALUES(315,'Infoserver 150','42001044','Digital','SEACT-AX','AY225A2119',NULL,NULL,NULL,'Computer|Server',NULL,NULL);
INSERT INTO item VALUES(316,'IBM Selectric II',NULL,'IBM','Selectric 6705','277154',NULL,NULL,NULL,'Typewriter',NULL,NULL);
INSERT INTO item VALUES(317,'Psion Series 7',NULL,'Psion','Series',NULL,NULL,NULL,NULL,'Computer|Handheld',NULL,NULL);
INSERT INTO item VALUES(318,'Psion Series 7',NULL,'Psion','Series 7',NULL,NULL,NULL,NULL,'Computer|Handheld',NULL,NULL);
INSERT INTO item VALUES(319,'Psion Series 7',NULL,'Psion','Series 7','JBDC810092',NULL,NULL,NULL,'Computer|Handheld',NULL,NULL);
INSERT INTO item VALUES(320,'Atari SH205',NULL,'Atari','SH205','A17A4000523',NULL,NULL,NULL,'Storage',NULL,NULL);
INSERT INTO item VALUES(321,NULL,NULL,'Compaq','SLT286','8102HU4F0104',NULL,NULL,NULL,'Computer|Portable',NULL,NULL);
INSERT INTO item VALUES(322,NULL,'42000004','Compaq','SLT286','6941HU3H0642',NULL,NULL,NULL,'Computer|Portable',NULL,NULL);
INSERT INTO item VALUES(323,NULL,'42001015','Atari','SM124','N1510411966',NULL,NULL,NULL,'Monitor',NULL,NULL);
INSERT INTO item VALUES(324,NULL,'42001013','Atari','SM124','N1510417816',NULL,NULL,NULL,'Monitor',NULL,NULL);
INSERT INTO item VALUES(325,NULL,'42001014','Atari','SM124','N1834299889',NULL,NULL,NULL,'Monitor',NULL,NULL);
INSERT INTO item VALUES(326,NULL,'42001018','Atari','SM124','N1894392537',NULL,NULL,NULL,'Monitor',NULL,NULL);
INSERT INTO item VALUES(327,'Atari SM125',NULL,'Atari','SM125','T1684000984',NULL,NULL,NULL,'Monitor',NULL,NULL);
INSERT INTO item VALUES(328,NULL,'42001016','Atari','SM125','T1684000664',NULL,NULL,NULL,'Monitor',NULL,NULL);
INSERT INTO item VALUES(329,NULL,'42001042','Madge','SmartRAM Plus','155-650-05 E80518 F29K',NULL,NULL,NULL,'Network|Switch|Token-ring|RJ-45',NULL,NULL);
INSERT INTO item VALUES(330,'Exidy Sorcerer',NULL,'Exidy Corporation','Sorcerer',NULL,NULL,NULL,NULL,'Computer|Desktop',NULL,NULL);
INSERT INTO item VALUES(331,'Sun SparcStation IPX',NULL,'Sun','SparcStation IPX',NULL,NULL,NULL,NULL,'Computer|Workstation',NULL,NULL);
INSERT INTO item VALUES(332,NULL,'42001038','Friden','SPD','94034',NULL,NULL,NULL,'Typewriter|Automatic',NULL,NULL);
INSERT INTO item VALUES(333,'Sinclair Spectrum',NULL,'Sinclair','Spectrum',NULL,NULL,NULL,NULL,'Computer|Homecomputer',NULL,NULL);
INSERT INTO item VALUES(334,'SR-51-II',NULL,'Texas Instruments','SR-51-II','484917',NULL,NULL,NULL,'Calculator',NULL,NULL);
INSERT INTO item VALUES(335,'Sunblade 100',NULL,'Sun','Sunblade 100',NULL,NULL,NULL,NULL,'Computer|Workstation',NULL,NULL);
INSERT INTO item VALUES(336,'HP SureStore Optical 401x',NULL,'HP','SureStore Optical 401x',NULL,NULL,NULL,NULL,'Storage',NULL,NULL);
INSERT INTO item VALUES(337,'Friden Computyper',NULL,'Friden','SW10',NULL,NULL,NULL,NULL,'Calculator',NULL,NULL);
INSERT INTO item VALUES(338,'PTT Telescript 12',NULL,'Siemens','T1000',NULL,NULL,NULL,NULL,'Telex',NULL,NULL);
INSERT INTO item VALUES(339,'Toshiba T1200',NULL,'Toshiba','T1200',NULL,NULL,NULL,NULL,'Computer|Laptop',NULL,NULL);
INSERT INTO item VALUES(340,'Siemens T37i Telex',NULL,'Siemens','T37i',NULL,NULL,NULL,NULL,'Telex',NULL,NULL);
INSERT INTO item VALUES(341,'Tandberg TDC3000',NULL,'Tandberg','TDC3000','','',NULL,'','Storage|Tape',NULL,NULL);
INSERT INTO item VALUES(342,'Tandberg TDC3820',NULL,'Tandberg','TDC3820','40360029','',NULL,'','Storage|Tape',NULL,NULL);
INSERT INTO item VALUES(343,'Tandberg TDC3820',NULL,'Tandberg','TDC3820','40367817','',NULL,'','Storage|Tape',NULL,NULL);
INSERT INTO item VALUES(344,'Terminal',NULL,'THT','Terminal','56-3-109',NULL,NULL,NULL,'Terminal',NULL,NULL);
INSERT INTO item VALUES(345,'Adler Tippa',NULL,'Adler','Tippa',NULL,NULL,NULL,NULL,'Typewriter',NULL,NULL);
INSERT INTO item VALUES(346,'Husky Titan','42000002','Husky computer LTD.','Titan','0001094',NULL,NULL,NULL,'Computer|Handheld',NULL,NULL);
INSERT INTO item VALUES(347,'Olimarck TOP 15',NULL,'Olimarck','TOP 15',NULL,NULL,NULL,NULL,'Computer|Portable',NULL,NULL);
INSERT INTO item VALUES(348,'Micro Color Computer',NULL,'Tandy Corporation','TRS-80 MC-10',NULL,NULL,18,NULL,'Computer|Homecomputer',NULL,NULL);
INSERT INTO item VALUES(349,'Tandy TRS-80 Model 100',NULL,'Tandy/Radio Shack','TRS-80 Model 100','401300833',NULL,NULL,NULL,'Computer|Handheld',NULL,NULL);
INSERT INTO item VALUES(350,'Tandy TRS-80 Model 102',NULL,'Tandy/Radio Shack','TRS-80 Model 102','907400404',NULL,NULL,NULL,'Computer|Handheld',NULL,NULL);
INSERT INTO item VALUES(351,'Tandy TRS-80 Model 102',NULL,'Tandy/Radio Shack','TRS-80 Model 102','603400743',NULL,NULL,NULL,'Computer|Handheld',NULL,NULL);
INSERT INTO item VALUES(352,'Tandy',NULL,'Tandy/Radio Shack','TRS-80 Model 200','503400255',NULL,NULL,NULL,'Computer|Laptop',NULL,NULL);
INSERT INTO item VALUES(353,'Digital TS05',NULL,'Digital','TS05','','',NULL,'','Storage|Tape|Open Reel',NULL,NULL);
INSERT INTO item VALUES(354,'Digital TU80',NULL,'Digital','TU80','','',NULL,'','Storage|Tape|Open Reel',NULL,NULL);
INSERT INTO item VALUES(355,'Sun Ultra 30',NULL,'Sun','Ultra 30',NULL,NULL,NULL,NULL,'Computer|Workstation',NULL,NULL);
INSERT INTO item VALUES(356,'Digital VAXstation 2000',NULL,'Digital','VAXstation 2000',NULL,NULL,NULL,NULL,'Computer|Workstation',NULL,NULL);
INSERT INTO item VALUES(357,'Philips VG-8010',NULL,'Philips','VG-8010','NSF0150120878',NULL,NULL,NULL,'Computer|Homecomputer',NULL,NULL);
INSERT INTO item VALUES(358,'GiGi',NULL,'Digital','VK100',NULL,NULL,NULL,NULL,'Terminal|Graphical',NULL,NULL);
INSERT INTO item VALUES(359,'Digital GiGi',NULL,'Digital','VK100-AB','WF10531',NULL,NULL,NULL,'Terminal|Graphical',NULL,NULL);
INSERT INTO item VALUES(360,'Digital GiGi',NULL,'Digital','VK100-AB','WF10649',NULL,NULL,NULL,'Terminal|Graphical',NULL,NULL);
INSERT INTO item VALUES(361,'Digital VR201',NULL,'Digital','VR201','SA72960364',NULL,NULL,NULL,'Monitor',NULL,NULL);
INSERT INTO item VALUES(362,'Digital VR241',NULL,'Digital','VR241-A','Y6LB4516',NULL,NULL,NULL,'Monitor',NULL,NULL);
INSERT INTO item VALUES(363,'Digital VR241',NULL,'Digital','VR241-A','Y5J076706',NULL,NULL,NULL,'Monitor',NULL,NULL);
INSERT INTO item VALUES(364,'Digital VAXstation II/RC',NULL,'Digital','VS21V-M3','GA00293',NULL,NULL,NULL,'Computer|Workstation',NULL,NULL);
INSERT INTO item VALUES(365,'Digital VT240',NULL,'Digital','VS240-A','AB43300YJ8',NULL,NULL,NULL,'Terminal|Graphical',NULL,NULL);
INSERT INTO item VALUES(366,'Digital VT240',NULL,'Digital','VS240-C','AB52000LQ3',NULL,NULL,NULL,'Terminal|Graphical',NULL,NULL);
INSERT INTO item VALUES(367,'VT100',NULL,'Digital','VT100',NULL,NULL,NULL,NULL,'Terminal',NULL,NULL);
INSERT INTO item VALUES(368,'Digital VT100',NULL,'Digital','VT100-AB','PN64136',NULL,NULL,NULL,'Terminal',NULL,NULL);
INSERT INTO item VALUES(369,'Digital VT220',NULL,'Digital','VT220-E3','TA702P1914',NULL,NULL,NULL,'Terminal',NULL,NULL);
INSERT INTO item VALUES(370,'Digital VT320',NULL,'Digital','VT320-A3','HK90754758',NULL,NULL,NULL,'Terminal',NULL,NULL);
INSERT INTO item VALUES(371,'VT320',NULL,'Digital','VT320-A3','SA00182557',NULL,NULL,NULL,'Terminal',NULL,NULL);
INSERT INTO item VALUES(372,'Digital VT320',NULL,'Digital','VT320-A3','SA92834760',NULL,NULL,NULL,'Terminal',NULL,NULL);
INSERT INTO item VALUES(373,'Digital VT330',NULL,'Digital','VT330','TA83006575',NULL,NULL,NULL,'Terminal',NULL,NULL);
INSERT INTO item VALUES(374,'VT420',NULL,'Digital','VT420',NULL,NULL,NULL,NULL,'Terminal',NULL,NULL);
INSERT INTO item VALUES(375,'Digital VT510',NULL,'Digital','VT510-A6','TA41718064',NULL,NULL,NULL,'Terminal',NULL,NULL);
INSERT INTO item VALUES(376,'Digital VT55',NULL,'Digital','VT55-FB','WF07443',NULL,19,NULL,'Terminal',NULL,NULL);
INSERT INTO item VALUES(377,'Digital VXT2000',NULL,'Digital','VX17A-A9','TA32000212',NULL,NULL,NULL,'Terminal|Graphical',NULL,NULL);
INSERT INTO item VALUES(378,'Digital VXT2000',NULL,'Digital','VXT2000',NULL,NULL,NULL,NULL,'Terminal|Graphical',NULL,NULL);
INSERT INTO item VALUES(379,NULL,'42001009','GP Industrial Electronics Ltd.','XR16 Production Programmer','15617',NULL,NULL,NULL,'EPROM Programmer',NULL,NULL);
INSERT INTO item VALUES(380,'IBM Xseries 232',NULL,'IBM','Xseries 232',NULL,NULL,NULL,NULL,'Computer|Server',NULL,NULL);
INSERT INTO item VALUES(381,'Depot','42001022','HP','XW4400','CZC7084N0K',NULL,NULL,NULL,'Computer|Workstation',NULL,NULL);
INSERT INTO item VALUES(382,'Workstation xw6600','42001040','HP','xw6600','CZC9193MCH',NULL,NULL,NULL,'Computer|PC',NULL,NULL);
INSERT INTO item VALUES(383,'Sinclair ZX81',NULL,'Sinclair','ZX81',NULL,NULL,NULL,NULL,'Computer|Homecomputer',NULL,NULL);
INSERT INTO item VALUES(384,'Videotex Terminal','','','','','',NULL,'','Terminal',NULL,NULL);
INSERT INTO item VALUES(385,'iMac Graphite',NULL,'Apple',NULL,NULL,NULL,NULL,NULL,'Computer|Desktop',NULL,NULL);
INSERT INTO item VALUES(386,NULL,NULL,'Apricot F1 monitor',NULL,NULL,NULL,NULL,NULL,'Monitor',NULL,NULL);
INSERT INTO item VALUES(387,NULL,'42001030','HP',NULL,'07910-69031 2200 03964',NULL,NULL,NULL,'Storage|Harddisk',NULL,NULL);
INSERT INTO item VALUES(388,'Kangaroo',NULL,'Kangaroo',NULL,NULL,NULL,NULL,NULL,'Computer|Portable',NULL,NULL);
CREATE TABLE user (
	id INTEGER NOT NULL, 
	username VARCHAR(64), 
	password_hash VARCHAR(128), 
	email VARCHAR(128), 
	telegram_name VARCHAR(64), fullname VARCHAR(250), 
	PRIMARY KEY (id)
);
INSERT INTO user VALUES(1,'denz','pbkdf2:sha256:150000$WsAQBF6k$f8cd4384549383235965038dafd13d6e10c4b91eeaa783b9306f265b6f00650e','alex.van.denzel@gmail.com',NULL,NULL);
INSERT INTO user VALUES(2,'gmc','pbkdf2:sha256:150000$InSc3EEy$5e83d9b0304753dc932183114e1800cc55870b86f6646d48b476e97aa0fa59a7','in+cma@metro.cx',NULL,NULL);
INSERT INTO user VALUES(3,'Stoneshop','pbkdf2:sha256:150000$LpE8GVao$a2713686a0d5db9e7de39793fae1daaa8c9a0f9a41d13832413fd16946884c94','rik.cma@steenwinkel.net',NULL,NULL);
CREATE TABLE item_version (
	id INTEGER NOT NULL, 
	name VARCHAR(50), 
	label VARCHAR(20), 
	manufacturer VARCHAR(50), 
	model VARCHAR(50), 
	serial VARCHAR(50), 
	description TEXT, 
	category VARCHAR(50), 
	wikilink VARCHAR(250), 
	thumbnail INTEGER, 
	transaction_id INTEGER NOT NULL, 
	end_transaction_id INTEGER, 
	operation_type SMALLINT NOT NULL, 
	PRIMARY KEY (id, transaction_id)
);
CREATE TABLE picture_version (
	id INTEGER NOT NULL, 
	file VARCHAR(128), 
	transaction_id INTEGER NOT NULL, 
	end_transaction_id INTEGER, 
	operation_type SMALLINT NOT NULL, 
	PRIMARY KEY (id, transaction_id)
);
CREATE TABLE IF NOT EXISTS "transaction" (
	issued_at DATETIME, 
	id INTEGER NOT NULL, 
	remote_addr VARCHAR(50), 
	PRIMARY KEY (id)
);
CREATE TABLE user_version (
	id INTEGER NOT NULL, 
	username VARCHAR(64), 
	fullname VARCHAR(250), 
	password_hash VARCHAR(128), 
	email VARCHAR(128), 
	telegram_name VARCHAR(64), 
	transaction_id INTEGER NOT NULL, 
	end_transaction_id INTEGER, 
	operation_type SMALLINT NOT NULL, 
	PRIMARY KEY (id, transaction_id)
);
CREATE UNIQUE INDEX ix_item_label ON item (label);
CREATE INDEX ix_user_email ON user (email);
CREATE UNIQUE INDEX ix_user_username ON user (username);
CREATE INDEX ix_item_version_end_transaction_id ON item_version (end_transaction_id);
CREATE INDEX ix_item_version_label ON item_version (label);
CREATE INDEX ix_item_version_operation_type ON item_version (operation_type);
CREATE INDEX ix_item_version_transaction_id ON item_version (transaction_id);
CREATE INDEX ix_picture_version_end_transaction_id ON picture_version (end_transaction_id);
CREATE INDEX ix_picture_version_operation_type ON picture_version (operation_type);
CREATE INDEX ix_picture_version_transaction_id ON picture_version (transaction_id);
CREATE INDEX ix_user_version_email ON user_version (email);
CREATE INDEX ix_user_version_end_transaction_id ON user_version (end_transaction_id);
CREATE INDEX ix_user_version_operation_type ON user_version (operation_type);
CREATE INDEX ix_user_version_transaction_id ON user_version (transaction_id);
CREATE INDEX ix_user_version_username ON user_version (username);
COMMIT;
